Станция;Слой;Форма;1;2;3;4;5;6;7;8;9;10;11;12;13;14;15;16;17;18;19;20;Среднее;Сумма;число клеток/мл, с учетом разведения;Тыс. клеток/мл, с учетом разведения;тыс. кл/мл;объем клеток, мкм3;биомасса мгС/м3;биомасса общая мгС/м3
1;п;кокки;1;2;1;1;3;1;1;1;0;1;0;2;1;2;1;1;0;1;1;2;1,15;3,5;28750;28,75;87,5;7055,865785;3,951284839;10,30951768
1;п;палочки;2;2;5;5;2;1;1;2;1;1;2;3;2;3;1;1;1;3;2;2;2,1;3,5;52500;52,5;87,5;8964,02854;5,019855983;10,30951768
1;п;вибрионы;0;0;0;0;0;0;1;0;0;0;0;0;0;0;0;1;0;1;1;1;0,25;3,5;6250;6,25;87,5;2389,958667;1,338376853;10,30951768
1;сс;кокки;4;5;1;1;4;2;1;3;5;4;3;5;1;4;2;5;4;5;1;3;3,15;6,55;78750;78,75;163,75;19326,93671;10,82308456;19,69124539
1;сс;палочки;2;4;5;1;2;2;1;4;3;2;5;5;4;5;1;3;3;3;5;3;3,15;6,55;78750;78,75;163,75;13446,04281;7,529783974;19,69124539
1;сс;вибрионы;0;0;0;0;0;0;1;1;0;0;1;1;0;0;1;0;0;0;0;0;0,25;6,55;6250;6,25;163,75;2389,958667;1,338376853;19,69124539
1;д;кокки;1;2;2;1;1;2;1;1;1;1;2;1;2;2;1;1;2;2;2;2;1,5;3,35;37500;37,5;83,75;9203,303198;5,153849791;10,6131888
1;д;палочки;0;1;0;2;2;0;0;1;3;3;1;2;1;1;3;3;1;2;2;2;1,5;3,35;37500;37,5;83,75;6402,877529;3,585611416;10,6131888
1;д;вибрионы;0;0;0;0;0;0;0;0;0;1;0;1;1;1;0;0;1;1;0;1;0,35;3,35;8750;8,75;83,75;3345,942133;1,873727595;10,6131888
2;п;кокки;1;0;0;1;2;1;2;2;2;1;2;0;0;2;2;1;0;0;2;2;1,15;2,1;28750;28,75;52,5;7055,865785;3,951284839;7,407411991
2;п;палочки;0;0;1;1;0;1;0;0;1;0;0;1;0;1;1;1;1;0;1;1;0,55;2,1;13750;13,75;52,5;2347,721761;1,314724186;7,407411991
2;п;вибрионы;0;1;0;0;0;0;0;0;1;0;1;0;0;1;1;1;1;0;0;1;0,4;2,1;10000;10;52,5;3823,933867;2,141402965;7,407411991
2;сс;кокки;2;6;8;17;1;3;1;2;3;3;8;8;4;3;3;2;7;5;5;6;4,85;7,4;121250;121,25;185;29757,34701;16,66411432;23,50042868
2;сс;палочки;3;3;1;3;1;1;6;0;1;0;2;0;3;6;0;6;3;6;0;1;2,3;7,4;57500;57,5;185;9817,745544;5,497937505;23,50042868
2;сс;вибрионы;0;0;0;0;0;0;0;1;0;0;1;0;0;1;0;0;1;1;0;0;0,25;7,4;6250;6,25;185;2389,958667;1,338376853;23,50042868
2;д;кокки;4;3;3;3;0;0;2;3;3;2;2;3;3;0;2;2;2;0;1;0;1,9;3,4;47500;47,5;85;11657,51738;6,528209735;10,70644111
2;д;палочки;1;1;0;1;3;1;3;0;1;1;3;1;1;0;2;2;0;3;1;1;1,3;3,4;32500;32,5;85;5549,160525;3,107529894;10,70644111
2;д;вибрионы;0;0;0;0;0;0;0;1;0;0;1;0;0;0;0;0;1;0;1;0;0,2;3,4;5000;5;85;1911,966933;1,070701483;10,70644111
3;п;кокки;1;1;1;3;3;5;2;2;1;1;1;3;5;2;3;3;5;1;4;1;2,4;3,1;60000;60;77,5;14725,28512;8,246159665;11,10468491
3;п;палочки;0;0;0;0;0;0;0;0;0;1;1;1;0;1;1;0;0;0;1;0;0,3;3,1;7500;7,5;77,5;1280,575506;0,717122283;11,10468491
3;п;вибрионы;1;0;0;0;0;0;1;0;0;0;1;0;1;1;1;0;1;0;0;1;0,4;3,1;10000;10;77,5;3823,933867;2,141402965;11,10468491
3;сс;кокки;1;13;9;5;6;3;13;5;14;16;4;13;10;11;12;16;10;4;5;13;9,15;12,2;228750;228,75;305;56140,14951;31,43848372;38,72922694
3;сс;палочки;2;2;1;1;2;4;2;6;3;3;2;1;1;4;6;3;4;6;5;3;3,05;12,2;76250;76,25;305;13019,18431;7,290743213;38,72922694
3;сс;вибрионы;0;0;0;0;0;0;0;0;0;0;0;0;0;0;0;0;0;0;0;0;0;12,2;0;0;305;0;0;38,72922694
3;д;кокки;2;17;6;6;9;2;2;4;3;6;17;16;10;6;2;16;13;13;5;7;8,1;10,05;202500;202,5;251,25;49697,83727;27,83078887;32,49208371
3;д;палочки;3;2;3;0;2;4;2;0;0;1;1;3;2;4;1;3;4;1;0;3;1,95;10,05;48750;48,75;251,25;8323,740788;4,661294841;32,49208371
3;д;вибрионы;0;0;0;0;0;0;0;0;0;0;0;0;0;0;0;0;0;0;0;0;0;10,05;0;0;251,25;0;0;32,49208371
4;п;кокки;2;3;3;6;3;1;5;4;0;4;1;1;5;3;1;3;4;5;2;5;3,05;4,95;76250;76,25;123,75;18713,38317;10,47949457;17,39174888
4;п;палочки;0;1;1;0;0;0;2;1;1;1;2;2;2;1;2;1;2;1;1;1;1,1;4,95;27500;27,5;123,75;4695,443521;2,629448372;17,39174888
4;п;вибрионы;0;0;0;0;0;0;0;2;0;0;1;2;2;1;2;2;2;0;2;0;0,8;4,95;20000;20;123,75;7647,867733;4,282805931;17,39174888
4;сс;кокки;2;1;2;3;0;5;1;2;1;0;2;0;5;2;3;1;0;3;3;0;1,8;3,05;45000;45;76,25;11043,96384;6,184619749;10,35786918
4;сс;палочки;0;0;0;0;1;0;2;0;0;1;1;1;2;1;1;1;2;0;2;2;0,85;3,05;21250;21,25;76,25;3628,297266;2,031846469;10,35786918
4;сс;вибрионы;0;0;0;0;0;0;0;1;0;0;0;1;1;1;1;0;1;0;1;1;0,4;3,05;10000;10;76,25;3823,933867;2,141402965;10,35786918
4;д;кокки;1;2;4;1;3;0;1;0;0;2;1;0;4;0;2;0;4;2;1;1;1,45;1,95;36250;36,25;48,75;8896,526424;4,982054798;6,177258603
4;д;палочки;0;0;1;0;0;1;1;1;1;0;1;0;0;0;0;0;1;1;1;1;0,5;1,95;12500;12,5;48,75;2134,29251;1,195203805;6,177258603
4;д;вибрионы;0;0;0;0;0;0;0;0;0;0;0;0;0;0;0;0;0;0;0;0;0;1,95;0;0;48,75;0;0;6,177258603
5;п;кокки;0;0;0;1;2;1;0;1;3;2;3;3;1;0;2;2;1;2;2;0;1,3;2,55;32500;32,5;63,75;7976,196105;4,466669819;8,343609273
5;п;палочки;1;2;1;0;2;1;0;0;0;0;1;2;2;1;2;0;0;1;1;2;0,95;2,55;23750;23,75;63,75;4055,155768;2,27088723;8,343609273
5;п;вибрионы;0;0;0;0;1;0;1;0;0;0;1;0;1;0;1;0;1;0;0;0;0,3;2,55;7500;7,5;63,75;2867,9504;1,606052224;8,343609273
5;сс;кокки;3;3;2;1;3;4;3;1;0;1;3;2;0;2;4;3;0;4;4;2;2,25;3,5;56250;56,25;87,5;13804,9548;7,730774686;10,7187842
5;сс;палочки;2;0;1;3;0;1;0;0;1;1;3;0;0;2;1;3;0;3;3;1;1,25;3,5;31250;31,25;87,5;5335,731274;2,988009513;10,7187842
5;сс;вибрионы;0;0;0;0;0;0;0;0;0;0;0;0;0;0;0;0;0;0;0;0;0;3,5;0;0;87,5;0;0;10,7187842
5;д;кокки;0;4;0;2;3;1;1;2;0;3;3;4;2;1;4;2;2;1;3;2;2;5,6;50000;50;140;12271,07093;6,871799721;16,36619706
5;д;палочки;4;2;2;3;0;2;2;1;6;3;6;2;6;6;2;4;1;6;5;3;3,3;5,6;82500;82,5;140;14086,33056;7,888345116;16,36619706
5;д;вибрионы;0;0;0;0;0;0;0;0;1;0;0;0;1;1;0;0;0;1;1;1;0,3;5,6;7500;7,5;140;2867,9504;1,606052224;16,36619706
6;п;кокки;2;1;4;2;1;6;3;3;1;1;3;5;5;5;5;3;2;4;1;3;3;4,3;75000;75;107,5;18406,6064;10,30769958;13,41522948
6;п;палочки;1;1;0;0;1;0;1;1;0;3;3;1;3;1;2;3;0;3;0;2;1,3;4,3;32500;32,5;107,5;5549,160525;3,107529894;13,41522948
6;п;вибрионы;0;0;0;0;0;0;0;0;0;0;0;0;0;0;0;0;0;0;0;0;0;4,3;0;0;107,5;0;0;13,41522948
6;д;кокки;2;0;1;1;1;3;2;10;7;2;5;6;5;4;5;2;5;5;7;3;3,8;6;95000;95;150;23315,03477;13,05641947;19,64871112
6;д;палочки;0;1;2;1;1;0;6;1;0;1;1;1;1;1;2;0;6;4;1;5;1,75;6;43750;43,75;150;7470,023784;4,183213319;19,64871112
6;д;вибрионы;0;0;0;0;0;0;1;1;1;0;1;1;0;1;0;0;1;1;0;1;0,45;6;11250;11,25;150;4301,9256;2,409078336;19,64871112
7;п;кокки;3;3;2;8;1;7;5;4;3;0;4;2;8;7;0;7;5;0;2;6;3,85;4,75;96250;96,25;118,75;23621,81154;13,22821446;16,41666624
7;п;палочки;0;1;1;0;0;2;1;0;1;1;0;1;0;0;0;1;1;0;1;0;0,55;4,75;13750;13,75;118,75;2347,721761;1,314724186;16,41666624
7;п;вибрионы;0;0;0;0;1;0;0;0;1;0;0;1;1;1;1;0;0;0;1;0;0,35;4,75;8750;8,75;118,75;3345,942133;1,873727595;16,41666624
7;сс;кокки;0;3;2;5;4;1;5;10;12;7;6;6;10;7;5;12;7;5;7;11;6,25;8,45;156250;156,25;211,25;38347,09666;21,47437413;28,21482077
7;сс;палочки;3;2;3;3;2;0;0;1;3;3;3;2;3;3;0;1;0;0;1;1;1,7;8,45;42500;42,5;211,25;7256,594533;4,063692938;28,21482077
7;сс;вибрионы;0;0;0;0;0;1;1;0;0;0;1;1;1;0;0;1;1;1;1;1;0,5;8,45;12500;12,5;211,25;4779,917333;2,676753707;28,21482077
7;д;кокки;3;5;3;6;3;5;4;2;3;1;2;6;6;4;3;2;1;5;1;5;3,5;5,1;87500;87,5;127,5;21474,37413;12,02564951;15,99845668
7;д;палочки;1;3;1;2;1;0;3;1;0;2;3;1;2;1;1;3;3;3;0;0;1,55;5,1;38750;38,75;127,5;6616,30678;3,705131797;15,99845668
7;д;вибрионы;0;1;0;0;0;0;0;0;0;0;0;0;0;0;0;0;0;0;0;0;0,05;5,1;1250;1,25;127,5;477,9917333;0,267675371;15,99845668
8;п;кокки;1;2;2;7;5;7;1;3;3;5;6;4;7;5;3;3;2;7;7;4;4,2;5,4;105000;105;135;25769,24895;14,43077941;18,33635348
8;п;палочки;0;1;0;1;1;1;2;0;1;1;0;0;1;2;1;2;1;0;2;0;0,85;5,4;21250;21,25;135;3628,297266;2,031846469;18,33635348
8;п;вибрионы;0;0;0;0;1;0;0;0;0;0;0;1;1;1;1;0;0;1;0;1;0,35;5,4;8750;8,75;135;3345,942133;1,873727595;18,33635348
8;сс;кокки;2;4;3;4;6;8;5;2;5;6;3;8;7;3;6;8;2;7;5;4;4,9;6,9;122500;122,5;172,5;30064,12378;16,83590932;23,09827444
8;сс;палочки;1;0;1;1;2;1;0;0;3;3;2;3;0;0;2;3;2;2;2;2;1,5;6,9;37500;37,5;172,5;6402,877529;3,585611416;23,09827444
8;сс;вибрионы;1;0;1;0;0;0;0;0;0;0;0;1;1;1;1;1;1;1;0;1;0,5;6,9;12500;12,5;172,5;4779,917333;2,676753707;23,09827444
8;д;кокки;1;1;3;6;1;1;3;3;2;1;1;4;6;3;6;2;1;4;2;5;2,8;3,25;70000;70;81,25;17179,4993;9,620519609;10,69620303
8;д;палочки;0;1;0;0;1;1;0;0;0;0;0;0;1;1;0;1;0;1;1;1;0,45;3,25;11250;11,25;81,25;1920,863259;1,075683425;10,69620303
8;д;вибрионы;0;0;0;0;0;0;0;0;0;0;0;0;0;0;0;0;0;0;0;0;0;3,25;0;0;81,25;0;0;10,69620303
9;п;кокки;3;2;3;3;5;1;3;1;5;4;3;4;2;2;1;4;2;4;3;4;2,95;4,75;73750;73,75;118,75;18099,82962;10,13590459;14,43863829
9;п;палочки;0;1;0;0;2;1;6;1;0;1;1;1;2;2;5;1;4;2;3;3;1,8;4,75;45000;45;118,75;7683,453035;4,302733699;14,43863829
9;п;вибрионы;0;0;0;0;0;0;0;0;0;0;0;0;0;0;0;0;0;0;0;0;0;4,75;0;0;118,75;0;0;14,43863829
9;сс;кокки;1;1;4;2;0;4;3;3;1;2;2;4;2;0;1;1;2;1;1;1;1,8;3,4;45000;45;85;11043,96384;6,184619749;10,89820187
9;сс;палочки;1;1;1;0;3;0;1;0;0;1;3;3;0;3;1;2;1;3;2;0;1,3;3,4;32500;32,5;85;5549,160525;3,107529894;10,89820187
9;сс;вибрионы;0;0;0;0;1;0;0;0;0;0;1;0;0;0;1;0;1;1;1;0;0,3;3,4;7500;7,5;85;2867,9504;1,606052224;10,89820187
9;д;кокки;0;0;2;3;10;9;7;0;1;11;8;10;2;5;4;4;10;7;11;8;5,6;6,6;140000;140;165;34358,9986;19,24103922;22,37222178
9;д;палочки;2;0;0;1;2;1;0;1;1;1;0;0;1;1;1;0;1;1;1;0;0,75;6,6;18750;18,75;165;3201,438764;1,792805708;22,37222178
9;д;вибрионы;0;1;0;0;0;0;0;0;0;0;1;0;0;1;0;1;1;0;0;0;0,25;6,6;6250;6,25;165;2389,958667;1,338376853;22,37222178
10;п;кокки;0;1;0;3;1;2;1;2;0;1;2;3;0;1;0;1;2;0;0;1;1,05;2,9;26250;26,25;72,5;6442,312238;3,607694853;9,067033864
10;п;палочки;1;0;1;3;0;0;2;2;2;4;1;4;2;1;2;0;1;0;1;3;1,5;2,9;37500;37,5;72,5;6402,877529;3,585611416;9,067033864
10;п;вибрионы;2;1;0;0;0;0;0;1;0;0;0;0;0;0;1;1;0;0;0;1;0,35;2,9;8750;8,75;72,5;3345,942133;1,873727595;9,067033864
10;сс;кокки;2;2;2;2;2;3;3;4;3;3;3;3;2;2;4;3;4;3;2;2;2,7;6,3;67500;67,5;157,5;16565,94576;9,276929623;18,91948195
10;сс;палочки;4;3;2;2;1;1;2;2;5;2;4;5;5;5;3;5;5;2;5;2;3,25;6,3;81250;81,25;157,5;13872,90131;7,768824735;18,91948195
10;сс;вибрионы;0;0;1;1;0;0;0;0;0;0;1;1;1;0;1;0;0;0;1;0;0,35;6,3;8750;8,75;157,5;3345,942133;1,873727595;18,91948195
10;д;кокки;0;1;1;3;0;1;1;1;0;3;2;0;2;2;2;3;3;3;3;2;1,65;3,35;41250;41,25;83,75;10123,63352;5,66923477;10,47370266
10;д;палочки;1;1;4;3;0;0;1;1;2;1;0;3;3;1;0;2;1;1;3;1;1,45;3,35;36250;36,25;83,75;6189,448278;3,466091036;10,47370266
10;д;вибрионы;0;0;0;0;1;0;0;0;0;0;1;0;1;0;1;0;0;0;0;1;0,25;3,35;6250;6,25;83,75;2389,958667;1,338376853;10,47370266
11;п;кокки;0;0;1;1;2;1;1;1;3;5;4;3;3;1;3;2;1;2;5;3;2,1;3,55;52500;52,5;88,75;12884,62448;7,215389707;11,71856567
11;п;палочки;1;3;1;1;0;2;1;1;2;1;0;1;2;2;0;0;2;2;0;0;1,1;3,55;27500;27,5;88,75;4695,443521;2,629448372;11,71856567
11;п;вибрионы;0;0;0;0;0;1;0;0;0;0;1;0;1;0;1;0;1;0;1;1;0,35;3,55;8750;8,75;88,75;3345,942133;1,873727595;11,71856567
11;сс;кокки;2;1;1;1;0;1;1;0;0;1;2;1;1;1;1;1;2;2;1;1;1,05;1,75;26250;26,25;43,75;6442,312238;3,607694853;6,021755132
11;сс;палочки;0;0;1;0;0;0;0;1;1;1;0;1;1;1;0;0;0;0;1;1;0,45;1,75;11250;11,25;43,75;1920,863259;1,075683425;6,021755132
11;сс;вибрионы;0;0;0;0;1;0;0;0;0;0;1;1;1;0;0;0;1;0;0;0;0,25;1,75;6250;6,25;43,75;2389,958667;1,338376853;6,021755132
11;д;кокки;0;1;1;0;1;0;2;1;1;0;0;2;2;0;1;1;1;1;2;2;0,95;1,9;23750;23,75;47,5;5828,758692;3,264104867;5,683147088
11;д;палочки;0;0;0;1;0;2;0;0;1;3;1;1;0;1;2;3;2;0;1;0;0,9;1,9;22500;22,5;47,5;3841,726517;2,15136685;5,683147088
11;д;вибрионы;1;0;0;0;0;0;0;0;0;0;0;0;0;0;0;0;0;0;0;0;0,05;1,9;1250;1,25;47,5;477,9917333;0,267675371;5,683147088
12;п;кокки;2;1;1;2;1;2;2;2;1;5;4;4;2;5;1;4;2;2;5;4;2,6;4,15;65000;65;103,75;15952,39221;8,933339637;13,52740137
12;п;палочки;0;0;1;1;1;0;1;0;1;3;1;3;2;3;1;0;2;1;1;3;1,25;4,15;31250;31,25;103,75;5335,731274;2,988009513;13,52740137
12;п;вибрионы;0;0;0;0;1;0;0;0;0;0;1;1;0;0;1;1;1;0;0;0;0,3;4,15;7500;7,5;103,75;2867,9504;1,606052224;13,52740137
12;сс;кокки;0;1;1;1;1;1;1;1;0;1;0;1;1;1;0;1;0;0;1;1;0,7;1,2;17500;17,5;30;4294,874826;2,405129902;3,600333708
12;сс;палочки;1;1;0;0;0;1;0;0;2;0;1;0;1;0;0;0;1;0;1;1;0,5;1,2;12500;12,5;30;2134,29251;1,195203805;3,600333708
12;сс;вибрионы;0;0;0;0;0;0;0;0;0;0;0;0;0;0;0;0;0;0;0;0;0;1,2;0;0;30;0;0;3,600333708
12;д;кокки;3;0;1;2;0;2;1;1;3;1;3;0;2;0;0;0;3;2;0;3;1,35;2,75;33750;33,75;68,75;8282,972878;4,638464812;8,873965407
12;д;палочки;0;2;2;2;1;1;0;0;1;0;2;1;1;0;2;1;2;2;1;1;1,1;2,75;27500;27,5;68,75;4695,443521;2,629448372;8,873965407
12;д;вибрионы;0;0;0;0;0;1;0;0;0;0;1;1;0;0;1;0;0;0;1;1;0,3;2,75;7500;7,5;68,75;2867,9504;1,606052224;8,873965407
13;п;кокки;4;3;10;14;1;2;2;5;2;5;8;3;12;14;7;9;4;3;8;7;6,15;9,8;153750;153,75;245;37733,54311;21,13078414;33,85595665
13;п;палочки;5;6;3;3;2;0;1;0;2;1;4;1;2;1;4;1;2;1;3;4;2,3;9,8;57500;57,5;245;9817,745544;5,497937505;33,85595665
13;п;вибрионы;0;0;1;0;3;0;1;0;1;0;2;1;2;0;3;2;3;3;2;3;1,35;9,8;33750;33,75;245;12905,7768;7,227235008;33,85595665
13;сс;кокки;1;1;3;3;2;4;0;1;0;1;2;0;3;3;1;0;1;3;1;0;1,5;2,65;37500;37,5;66,25;9203,303198;5,153849791;9,236213454
13;сс;палочки;0;0;0;0;0;1;2;0;1;1;2;2;0;2;0;1;1;0;1;0;0,7;2,65;17500;17,5;66,25;2988,009513;1,673285328;9,236213454
13;сс;вибрионы;0;0;1;0;0;1;0;0;0;0;1;0;1;1;1;0;1;1;0;1;0,45;2,65;11250;11,25;66,25;4301,9256;2,409078336;9,236213454
13;д;кокки;2;0;1;4;2;2;1;2;1;1;3;0;3;2;1;2;3;3;3;0;1,8;3,25;45000;45;81,25;11043,96384;6,184619749;10,68779572
13;д;палочки;1;1;0;0;4;2;0;0;1;1;0;4;0;0;0;1;1;2;3;1;1,1;3,25;27500;27,5;81,25;4695,443521;2,629448372;10,68779572
13;д;вибрионы;0;0;1;0;0;0;0;0;0;0;1;0;1;0;1;1;1;1;0;0;0,35;3,25;8750;8,75;81,25;3345,942133;1,873727595;10,68779572
14;п;кокки;1;1;2;2;1;4;8;0;2;4;0;4;4;1;2;0;0;2;4;4;2,3;3,85;57500;57,5;96,25;14111,73157;7,902569679;11,60770148
14;п;палочки;1;0;3;1;0;1;2;1;0;1;1;1;3;3;1;2;1;3;3;3;1,55;3,85;38750;38,75;96,25;6616,30678;3,705131797;11,60770148
14;п;вибрионы;0;0;0;0;0;0;0;0;0;0;0;0;0;0;0;0;0;0;0;0;0;3,85;0;0;96,25;0;0;11,60770148
14;сс;кокки;3;0;8;2;1;2;2;1;0;5;5;5;3;2;5;4;5;5;1;5;3,2;5,25;80000;80;131,25;19633,71349;10,99487955;16,7841451
14;сс;палочки;0;1;1;0;0;2;3;5;2;1;4;5;3;2;0;2;1;2;1;0;1,75;5,25;43750;43,75;131,25;7470,023784;4,183213319;16,7841451
14;сс;вибрионы;0;0;0;0;1;1;1;0;0;0;0;0;0;0;1;1;0;0;0;1;0,3;5,25;7500;7,5;131,25;2867,9504;1,606052224;16,7841451
14;д;кокки;3;1;2;0;1;2;1;1;0;1;0;2;1;2;0;0;2;1;2;1;1,15;2,5;28750;28,75;62,5;7055,865785;3,951284839;7,178335114
14;д;палочки;4;0;0;2;1;0;0;1;1;0;3;0;3;2;1;3;1;1;1;3;1,35;2,5;33750;33,75;62,5;5762,589776;3,227050275;7,178335114
14;д;вибрионы;0;0;0;0;0;0;0;0;0;0;0;0;0;0;0;0;0;0;0;0;0;2,5;0;0;62,5;0;0;7,178335114
15;п;кокки;6;7;9;2;2;2;1;1;2;1;9;7;9;3;8;2;3;4;6;8;4,6;6,7;115000;115;167,5;28223,46314;15,80513936;23,04732019
15;п;палочки;0;1;1;1;0;1;2;4;0;1;2;0;1;2;4;2;2;0;1;2;1,35;6,7;33750;33,75;167,5;5762,589776;3,227050275;23,04732019
15;п;вибрионы;0;0;1;0;0;0;2;0;0;0;2;0;1;1;1;1;1;1;2;2;0,75;6,7;18750;18,75;167,5;7169,876;4,01513056;23,04732019
15;сс;кокки;2;3;1;0;0;1;2;1;4;0;3;3;1;4;0;3;4;0;4;1;1,85;3,2;46250;46,25;80;11350,74061;6,356414742;10,91685993
15;сс;палочки;2;0;0;1;1;0;0;1;2;0;2;1;1;2;0;1;2;1;1;0;0,9;3,2;22500;22,5;80;3841,726517;2,15136685;10,91685993
15;сс;вибрионы;0;0;0;0;0;0;0;0;0;1;1;1;1;1;0;1;1;0;1;1;0,45;3,2;11250;11,25;80;4301,9256;2,409078336;10,91685993
15;д;кокки;0;1;1;1;0;6;1;0;2;0;6;2;3;6;6;6;5;5;6;3;3;4,4;75000;75;110;18406,6064;10,30769958;14,83951016
15;д;палочки;1;0;0;0;3;4;2;1;0;1;0;3;0;0;0;1;2;2;0;0;1;4,4;25000;25;110;4268,585019;2,390407611;14,83951016
15;д;вибрионы;0;0;0;0;1;0;0;0;0;0;1;0;1;1;1;1;1;0;0;1;0,4;4,4;10000;10;110;3823,933867;2,141402965;14,83951016
16;п;кокки;3;1;5;1;2;3;1;3;1;1;4;1;3;2;1;4;4;2;2;2;2,3;2,85;57500;57,5;71,25;14111,73157;7,902569679;9,809913825
16;п;палочки;0;1;0;1;1;0;0;0;0;1;0;0;0;0;0;0;1;1;0;1;0,35;2,85;8750;8,75;71,25;1494,004757;0,836642664;9,809913825
16;п;вибрионы;0;0;0;0;0;1;0;0;1;0;0;0;0;0;0;1;1;0;0;0;0,2;2,85;5000;5;71,25;1911,966933;1,070701483;9,809913825
16;сс;кокки;1;0;1;2;1;0;0;0;1;2;0;2;1;1;1;1;1;1;2;0;0,9;1,6;22500;22,5;40;5521,981919;3,092309874;5,506370153
16;сс;палочки;0;1;0;0;0;1;1;1;0;0;0;0;1;1;0;0;1;1;0;1;0,45;1,6;11250;11,25;40;1920,863259;1,075683425;5,506370153
16;сс;вибрионы;0;0;0;0;0;0;0;1;0;0;0;1;0;1;0;1;0;1;0;0;0,25;1,6;6250;6,25;40;2389,958667;1,338376853;5,506370153
16;д;кокки;1;1;1;2;1;1;2;4;1;2;1;1;3;1;1;4;3;4;1;3;1,9;3,45;47500;47,5;86,25;11657,51738;6,528209735;12,60382137
16;д;палочки;1;0;0;0;1;2;0;2;0;0;0;0;1;0;2;1;1;0;2;2;0,75;3,45;18750;18,75;86,25;3201,438764;1,792805708;12,60382137
16;д;вибрионы;0;0;0;0;2;1;0;1;0;0;1;1;0;2;1;1;2;1;2;1;0,8;3,45;20000;20;86,25;7647,867733;4,282805931;12,60382137
17;п;кокки;1;2;0;1;1;2;1;1;2;4;4;3;4;3;2;3;1;3;3;2;2,15;3,1;53750;53,75;77,5;13191,40125;7,3871847;10,84331185
17;п;палочки;0;0;0;0;0;0;1;0;1;0;1;1;1;1;1;1;1;1;1;0;0,55;3,1;13750;13,75;77,5;2347,721761;1,314724186;10,84331185
17;п;вибрионы;0;0;1;0;1;0;0;0;0;0;1;0;1;0;1;1;0;1;0;1;0,4;3,1;10000;10;77,5;3823,933867;2,141402965;10,84331185
17;сс;кокки;2;0;0;1;2;1;1;1;2;3;0;2;0;1;0;2;0;3;1;2;1,2;1,7;30000;30;42,5;7362,642558;4,123079832;5,318283638
17;сс;палочки;0;1;1;0;0;0;0;1;0;1;1;1;0;0;1;0;1;1;0;1;0,5;1,7;12500;12,5;42,5;2134,29251;1,195203805;5,318283638
17;сс;вибрионы;0;0;0;0;0;0;0;0;0;0;0;0;0;0;0;0;0;0;0;0;0;1,7;0;0;42,5;0;0;5,318283638
17;д;кокки;1;0;1;1;1;1;5;2;2;3;1;2;2;1;5;3;1;5;4;5;2,3;3,55;57500;57,5;88,75;14111,73157;7,902569679;12,2239741
17;д;палочки;1;1;0;1;0;0;1;2;0;0;1;1;0;1;1;1;2;0;2;1;0,8;3,55;20000;20;88,75;3414,868015;1,912326089;12,2239741
17;д;вибрионы;0;0;0;0;1;0;0;0;0;1;1;1;0;1;1;1;0;1;0;1;0,45;3,55;11250;11,25;88,75;4301,9256;2,409078336;12,2239741
18;п;кокки;0;2;0;1;1;1;1;0;1;0;1;1;1;1;0;1;1;1;1;0;0,75;1,65;18750;18,75;41,25;4601,651599;2,576924895;5,617221686
18;п;палочки;1;0;1;0;0;0;0;1;1;1;1;0;0;1;1;0;1;1;1;1;0,6;1,65;15000;15;41,25;2561,151012;1,434244566;5,617221686
18;п;вибрионы;0;0;0;0;0;0;0;1;0;0;1;0;0;1;0;1;1;0;1;0;0,3;1,65;7500;7,5;41,25;2867,9504;1,606052224;5,617221686
18;д;кокки;1;2;2;13;8;5;3;4;4;6;8;9;3;11;11;6;11;10;9;4;6,5;9,05;162500;162,5;226,25;39880,98052;22,33334909;30,94752333
18;д;палочки;1;0;1;4;0;0;5;0;0;0;4;2;4;0;2;3;2;2;1;3;1,7;9,05;42500;42,5;226,25;7256,594533;4,063692938;30,94752333
18;д;вибрионы;0;1;0;0;0;1;1;2;1;0;1;2;1;2;2;1;1;1;0;0;0,85;9,05;21250;21,25;226,25;8125,859467;4,550481301;30,94752333
19;п;кокки;1;5;4;8;2;5;4;12;2;6;2;2;11;10;4;4;5;4;6;5;5,1;7,7;127500;127,5;192,5;31291,23087;17,52308929;24,62707902
19;п;палочки;4;2;3;2;6;1;3;0;2;0;4;4;1;0;1;3;2;3;1;4;2,3;7,7;57500;57,5;192,5;9817,745544;5,497937505;24,62707902
19;п;вибрионы;0;0;1;0;0;1;0;1;0;0;0;0;0;0;1;1;0;0;1;0;0,3;7,7;7500;7,5;192,5;2867,9504;1,606052224;24,62707902
19;сс;кокки;2;4;2;5;3;2;0;6;5;2;5;0;1;3;3;4;5;3;5;5;3,25;5,65;81250;81,25;141,25;19940,49026;11,16667455;17,79258275
19;сс;палочки;1;1;0;1;2;0;5;0;0;4;5;3;0;4;5;2;4;2;2;1;2,1;5,65;52500;52,5;141,25;8964,02854;5,019855983;17,79258275
19;сс;вибрионы;0;1;0;0;0;0;0;1;0;0;0;0;0;1;0;1;1;0;0;1;0,3;5,65;7500;7,5;141,25;2867,9504;1,606052224;17,79258275
19;д;кокки;4;0;1;2;2;6;8;5;7;5;1;4;4;5;5;6;1;4;3;1;3,7;6,1;92500;92,5;152,5;22701,48122;12,71282948;19,48689268
19;д;палочки;0;1;2;0;0;1;1;4;2;2;4;3;4;1;2;4;2;2;3;3;2,05;6,1;51250;51,25;152,5;8750,599289;4,900335602;19,48689268
19;д;вибрионы;0;0;0;0;0;0;0;1;0;1;0;1;1;1;0;1;0;0;1;0;0,35;6,1;8750;8,75;152,5;3345,942133;1,873727595;19,48689268
20;п;кокки;5;1;9;4;5;7;2;3;4;2;6;4;8;3;7;7;8;7;4;8;5,2;7,95;130000;130;198,75;31904,78442;17,86667927;25,47738513
20;п;палочки;1;4;3;2;4;1;0;0;1;1;4;4;4;4;1;3;2;2;3;4;2,4;7,95;60000;60;198,75;10244,60405;5,736978266;25,47738513
20;п;вибрионы;1;0;1;0;1;0;1;1;0;0;0;0;1;0;1;0;0;0;0;0;0,35;7,95;8750;8,75;198,75;3345,942133;1,873727595;25,47738513
20;сс;кокки;3;0;4;2;3;1;4;0;1;2;4;1;0;3;3;2;1;3;1;4;2,1;3,85;52500;52,5;96,25;12884,62448;7,215389707;12,43568796
20;сс;палочки;3;2;1;0;0;0;3;2;0;0;2;3;0;0;0;3;1;2;3;3;1,4;3,85;35000;35;96,25;5976,019027;3,346570655;12,43568796
20;сс;вибрионы;0;0;1;0;0;0;0;0;0;0;0;1;1;1;1;1;0;0;1;0;0,35;3,85;8750;8,75;96,25;3345,942133;1,873727595;12,43568796
20;д;кокки;1;3;1;0;1;2;2;1;1;2;2;0;1;2;0;0;2;2;0;1;1,2;2,95;30000;30;73,75;7362,642558;4,123079832;9,195223092
20;д;палочки;1;0;2;1;3;1;0;0;0;1;2;3;3;2;0;1;2;3;1;3;1,45;2,95;36250;36,25;73,75;6189,448278;3,466091036;9,195223092
20;д;вибрионы;0;0;0;0;0;0;0;1;0;0;1;1;1;0;0;1;0;1;0;0;0,3;2,95;7500;7,5;73,75;2867,9504;1,606052224;9,195223092
21;п;кокки;2;1;3;2;7;0;2;1;3;1;5;3;0;6;3;0;4;3;5;3;2,7;4,85;67500;67,5;121,25;16565,94576;9,276929623;15,60154591
21;п;палочки;2;2;0;1;2;1;3;2;3;3;0;3;0;3;3;3;1;0;2;1;1,75;4,85;43750;43,75;121,25;7470,023784;4,183213319;15,60154591
21;п;вибрионы;0;0;0;0;0;0;0;1;0;1;0;1;1;1;1;0;0;1;0;1;0,4;4,85;10000;10;121,25;3823,933867;2,141402965;15,60154591
21;сс;кокки;3;2;5;3;3;6;3;3;2;2;6;2;4;2;2;3;3;2;2;3;3,05;6,45;76250;76,25;161,25;18713,38317;10,47949457;19,64396538
21;сс;палочки;3;6;2;1;2;2;6;2;3;3;1;2;6;1;1;4;6;3;5;2;3,05;6,45;76250;76,25;161,25;13019,18431;7,290743213;19,64396538
21;сс;вибрионы;0;0;0;0;0;0;1;0;0;0;1;0;1;0;1;0;1;1;0;1;0,35;6,45;8750;8,75;161,25;3345,942133;1,873727595;19,64396538
21;д;кокки;2;3;2;1;1;1;2;1;1;0;3;2;1;2;1;0;1;1;2;3;1,5;2,6;37500;37,5;65;9203,303198;5,153849791;8,968538084
21;д;палочки;0;0;0;0;0;2;1;1;1;0;1;0;0;2;0;1;2;1;2;0;0,7;2,6;17500;17,5;65;2988,009513;1,673285328;8,968538084
21;д;вибрионы;0;1;0;0;0;0;0;0;0;1;1;1;0;1;1;1;0;0;0;1;0,4;2,6;10000;10;65;3823,933867;2,141402965;8,968538084
22;п;кокки;0;0;2;1;1;1;2;0;3;3;1;3;1;0;0;2;3;2;2;0;1,35;3,15;33750;33,75;78,75;8282,972878;4,638464812;8,941198511
22;п;палочки;1;1;2;1;3;2;1;3;0;2;3;3;0;1;3;3;2;3;0;2;1,8;3,15;45000;45;78,75;7683,453035;4,302733699;8,941198511
22;п;вибрионы;0;0;0;0;0;0;0;0;0;0;0;0;0;0;0;0;0;0;0;0;0;3,15;0;0;78,75;0;0;8,941198511
22;сс;кокки;1;0;1;1;0;2;1;2;1;2;2;0;2;2;0;0;0;0;2;2;1,05;3,25;26250;26,25;81,25;6442,312238;3,607694853;10,19998651
22;сс;палочки;2;2;0;1;2;2;3;2;0;2;2;3;1;1;3;1;1;1;3;3;1,75;3,25;43750;43,75;81,25;7470,023784;4,183213319;10,19998651
22;сс;вибрионы;0;0;0;0;0;0;1;0;0;0;1;1;0;1;0;1;1;1;1;1;0,45;3,25;11250;11,25;81,25;4301,9256;2,409078336;10,19998651
22;д;кокки;1;2;1;0;1;2;2;2;1;4;2;1;0;1;4;2;4;3;1;1;1,75;5,5;43750;43,75;137,5;10737,18706;6,012824756;16,01393823
22;д;палочки;1;1;2;1;7;2;9;1;0;1;8;9;5;3;0;3;0;0;7;8;3,4;5,5;85000;85;137,5;14513,18907;8,127385877;16,01393823
22;д;вибрионы;0;0;0;0;0;0;0;0;0;1;1;1;0;1;1;0;0;1;1;0;0,35;5,5;8750;8,75;137,5;3345,942133;1,873727595;16,01393823
23;п;кокки;5;1;1;1;2;0;2;1;3;1;5;0;1;1;5;3;5;0;3;3;2,15;4,25;53750;53,75;106,25;13191,40125;7,3871847;13,74043559
23;п;палочки;3;0;0;4;2;3;3;2;0;0;2;0;0;1;2;2;3;3;3;0;1,65;4,25;41250;41,25;106,25;7043,165282;3,944172558;13,74043559
23;п;вибрионы;0;0;1;1;0;0;0;0;1;0;1;0;0;1;1;0;1;1;0;1;0,45;4,25;11250;11,25;106,25;4301,9256;2,409078336;13,74043559
23;сс;кокки;1;4;2;4;6;7;4;3;4;4;1;2;4;1;1;6;6;6;6;2;3,7;5,95;92500;92,5;148,75;22701,48122;12,71282948;19,27648653
23;сс;палочки;3;1;4;0;1;0;0;0;2;1;4;3;3;3;2;2;1;0;3;4;1,85;5,95;46250;46,25;148,75;7896,882286;4,42225408;19,27648653
23;сс;вибрионы;0;0;0;1;0;0;0;0;0;1;1;0;0;0;1;1;1;1;0;1;0,4;5,95;10000;10;148,75;3823,933867;2,141402965;19,27648653
23;д;кокки;3;4;2;2;0;4;2;0;2;0;0;2;2;1;4;1;2;2;3;4;2;3,5;50000;50;87,5;12271,07093;6,871799721;11,79080605
23;д;палочки;0;0;1;2;3;0;0;2;1;1;0;2;0;0;2;2;2;2;1;0;1,05;3,5;26250;26,25;87,5;4482,01427;2,509927991;11,79080605
23;д;вибрионы;0;0;0;0;0;1;0;0;0;0;1;0;1;1;1;1;0;1;1;1;0,45;3,5;11250;11,25;87,5;4301,9256;2,409078336;11,79080605
24;п;кокки;3;2;4;0;1;3;1;1;3;2;1;3;3;2;1;1;1;1;3;3;1,95;4,05;48750;48,75;101,25;11964,29416;6,700004728;12,75694564
24;п;палочки;1;0;0;6;0;0;0;0;0;1;1;2;0;5;3;4;3;2;2;5;1,75;4,05;43750;43,75;101,25;7470,023784;4,183213319;12,75694564
24;п;вибрионы;0;0;0;0;0;0;0;0;1;0;1;0;1;0;1;0;1;1;1;0;0,35;4,05;8750;8,75;101,25;3345,942133;1,873727595;12,75694564
24;сс;кокки;3;1;3;4;3;4;6;4;3;1;6;4;2;2;4;5;1;1;1;2;3;5,55;75000;75;138,75;18406,6064;10,30769958;18,03294388
24;сс;палочки;0;1;0;0;2;5;2;2;7;5;1;1;3;0;4;0;2;1;1;3;2;5,55;50000;50;138,75;8537,170039;4,780815222;18,03294388
24;сс;вибрионы;0;1;1;0;0;0;0;0;2;0;0;1;0;2;0;1;0;1;1;1;0,55;5,55;13750;13,75;138,75;5257,909067;2,944429077;18,03294388
24;д;кокки;1;3;3;3;4;8;2;4;5;2;3;2;6;3;4;3;4;5;3;4;3,6;5,95;90000;90;148,75;22087,92767;12,3692395;19,02378231
24;д;палочки;0;4;2;5;4;1;1;1;0;1;2;4;4;4;4;1;0;1;0;1;2;5,95;50000;50;148,75;8537,170039;4,780815222;19,02378231
24;д;вибрионы;0;0;0;1;0;0;0;0;0;0;0;1;0;1;1;1;1;1;0;0;0,35;5,95;8750;8,75;148,75;3345,942133;1,873727595;19,02378231
25;п;кокки;1;1;19;4;1;1;2;2;1;1;3;19;15;5;2;4;5;7;16;13;6,1;8,8;152500;152,5;220;37426,76634;20,95898915;28,00570966
25;п;палочки;0;1;7;5;0;0;3;0;1;0;4;5;1;4;5;3;5;4;1;1;2,5;8,8;62500;62,5;220;10671,46255;5,976019027;28,00570966
25;п;вибрионы;0;0;0;1;0;0;0;0;0;0;1;0;0;0;0;1;0;0;0;1;0,2;8,8;5000;5;220;1911,966933;1,070701483;28,00570966
25;сс;кокки;1;1;1;1;1;3;1;3;1;2;1;2;1;2;2;2;3;3;1;2;1,7;2,75;42500;42,5;68,75;10430,41029;5,841029763;8,350957754
25;сс;палочки;0;1;2;2;0;2;2;0;2;0;2;0;1;1;2;1;1;1;0;1;1,05;2,75;26250;26,25;68,75;4482,01427;2,509927991;8,350957754
25;сс;вибрионы;0;0;0;0;0;0;0;0;0;0;0;0;0;0;0;0;0;0;0;0;0;2,75;0;0;68,75;0;0;8,350957754
25;д;кокки;3;2;9;3;2;3;3;1;2;13;4;9;7;7;7;11;4;4;13;7;5,7;9,6;142500;142,5;240;34972,55215;19,5846292;30,09245881
25;д;палочки;0;1;5;1;3;0;2;1;1;8;1;3;6;8;3;1;3;8;7;8;3,5;9,6;87500;87,5;240;14940,04757;8,366426638;30,09245881
25;д;вибрионы;0;0;1;0;0;0;0;0;0;1;1;0;0;1;1;1;0;1;1;0;0,4;9,6;10000;10;240;3823,933867;2,141402965;30,09245881
26;п;кокки;2;1;0;2;2;1;1;4;1;3;2;0;1;4;2;2;4;2;0;2;1,8;2,75;45000;45;68,75;11043,96384;6,184619749;9,34443692
26;п;палочки;1;0;1;1;1;0;0;1;1;1;1;1;0;0;1;1;1;0;0;1;0,65;2,75;16250;16,25;68,75;2774,580263;1,553764947;9,34443692
26;п;вибрионы;0;0;0;0;0;0;0;1;0;0;1;0;1;0;1;0;0;1;0;1;0,3;2,75;7500;7,5;68,75;2867,9504;1,606052224;9,34443692
26;сс;кокки;3;4;3;4;6;2;4;1;1;1;3;4;3;4;2;1;2;3;3;4;2,9;5,55;72500;72,5;138,75;17793,05285;9,964109595;17,03946471
26;сс;палочки;1;2;2;1;2;4;3;1;3;0;3;2;3;4;2;3;4;2;2;4;2,4;5,55;60000;60;138,75;10244,60405;5,736978266;17,03946471
26;сс;вибрионы;0;0;0;0;0;1;1;1;0;0;0;1;0;0;0;1;0;0;0;0;0,25;5,55;6250;6,25;138,75;2389,958667;1,338376853;17,03946471
26;д;кокки;1;1;2;1;1;1;2;0;1;2;2;0;2;2;0;0;2;0;0;0;1;2,25;25000;25;56,25;6135,535465;3,43589986;6,572064364
26;д;палочки;1;1;1;0;2;2;1;2;1;2;0;2;2;2;0;0;1;1;1;2;1,2;2,25;30000;30;56,25;5122,302023;2,868489133;6,572064364
26;д;вибрионы;1;0;0;0;0;0;0;0;0;0;0;0;0;0;0;0;0;0;0;0;0,05;2,25;1250;1,25;56,25;477,9917333;0,267675371;6,572064364
27;п;кокки;3;4;3;2;2;6;3;6;3;9;7;9;9;4;8;5;4;4;9;4;5,2;6,1;130000;130;152,5;31904,78442;17,86667927;21,49959603
27;п;палочки;0;1;1;0;0;0;1;0;1;0;1;0;0;0;0;0;1;1;0;1;0,4;6,1;10000;10;152,5;1707,434008;0,956163044;21,49959603
27;п;вибрионы;0;1;0;1;1;0;0;0;0;0;1;0;0;1;1;0;1;1;1;1;0,5;6,1;12500;12,5;152,5;4779,917333;2,676753707;21,49959603
27;сс;кокки;2;3;2;7;3;4;3;2;6;2;5;4;6;3;5;6;2;3;5;6;3,95;6,3;98750;98,75;157,5;24235,36509;13,57180445;20,81896723
27;сс;палочки;0;1;1;0;4;0;0;0;0;0;2;4;2;2;4;4;2;4;4;2;1,8;6,3;45000;45;157,5;7683,453035;4,302733699;20,81896723
27;сс;вибрионы;0;0;0;0;0;0;0;0;1;0;1;1;1;1;1;1;1;1;1;1;0,55;6,3;13750;13,75;157,5;5257,909067;2,944429077;20,81896723
27;д;кокки;2;2;2;2;1;3;5;3;0;5;5;4;2;2;4;4;3;3;4;4;3;4,6;75000;75;115;18406,6064;10,30769958;14,57681673
27;д;палочки;1;0;0;1;4;0;0;1;0;0;4;2;0;2;1;3;1;4;3;2;1,45;4,6;36250;36,25;115;6189,448278;3,466091036;14,57681673
27;д;вибрионы;0;0;0;0;0;0;0;0;1;0;0;0;0;0;1;0;0;1;0;0;0,15;4,6;3750;3,75;115;1433,9752;0,803026112;14,57681673
28;п;кокки;9;4;2;7;3;5;8;3;1;8;9;1;3;9;9;3;6;1;6;2;4,95;7,65;123750;123,75;191,25;30370,90055;17,00770431;24,20257981
28;п;палочки;0;2;3;3;6;1;1;0;5;0;4;4;1;2;4;3;5;0;1;4;2,45;7,65;61250;61,25;191,25;10458,0333;5,856498646;24,20257981
28;п;вибрионы;0;0;0;0;1;0;0;0;1;0;0;0;0;0;1;0;0;1;1;0;0,25;7,65;6250;6,25;191,25;2389,958667;1,338376853;24,20257981
28;сс;кокки;5;1;3;3;1;5;5;2;2;5;4;2;1;3;3;3;2;1;4;4;2,95;5,7;73750;73,75;142,5;18099,82962;10,13590459;17,59845546
28;сс;палочки;0;0;1;0;0;0;0;0;7;6;3;2;4;1;4;3;4;6;4;4;2,45;5,7;61250;61,25;142,5;10458,0333;5,856498646;17,59845546
28;сс;вибрионы;0;0;0;0;0;1;0;0;0;0;1;1;0;1;0;1;1;0;0;0;0,3;5,7;7500;7,5;142,5;2867,9504;1,606052224;17,59845546
28;д;кокки;6;6;2;1;1;5;5;6;0;4;2;3;6;0;1;1;2;6;5;5;3,35;5,75;83750;83,75;143,75;20554,04381;11,51026453;18,28432773
28;д;палочки;1;4;0;0;4;4;4;0;2;0;4;4;1;2;2;3;0;2;2;2;2,05;5,75;51250;51,25;143,75;8750,599289;4,900335602;18,28432773
28;д;вибрионы;0;0;0;1;0;0;1;0;0;0;0;1;0;1;0;1;1;0;1;0;0,35;5,75;8750;8,75;143,75;3345,942133;1,873727595;18,28432773
29;п;кокки;2;1;1;1;1;2;0;3;1;2;3;2;1;1;1;2;2;1;1;3;1,55;3,8;38750;38,75;95;9510,079971;5,325644784;13,51900672
29;п;палочки;1;2;1;3;1;3;0;2;1;0;3;1;1;2;3;1;1;0;0;0;1,3;3,8;32500;32,5;95;5549,160525;3,107529894;13,51900672
29;п;вибрионы;0;0;1;0;0;0;1;2;1;0;2;2;1;1;2;2;1;0;2;1;0,95;3,8;23750;23,75;95;9081,842933;5,085832043;13,51900672
29;сс;кокки;2;2;5;2;2;3;2;2;4;1;2;3;2;2;1;4;2;4;4;3;2,6;6,2;65000;65;155;15952,39221;8,933339637;18,87220195
29;сс;палочки;2;1;4;2;3;2;7;2;1;1;3;2;5;6;7;1;2;3;4;5;3,15;6,2;78750;78,75;155;13446,04281;7,529783974;18,87220195
29;сс;вибрионы;0;1;0;1;0;0;0;0;1;0;1;1;0;0;1;1;0;0;1;1;0,45;6,2;11250;11,25;155;4301,9256;2,409078336;18,87220195
29;д;кокки;2;4;2;3;2;4;2;5;1;4;3;3;2;2;5;1;2;4;5;1;2,85;5,95;71250;71,25;148,75;17486,27608;9,792314602;17,79519816
29;д;палочки;1;1;1;2;1;3;1;2;1;8;1;5;2;2;5;6;1;6;8;1;2,9;5,95;72500;72,5;148,75;12378,89656;6,932182071;17,79519816
29;д;вибрионы;0;1;0;0;0;0;0;0;0;1;0;0;0;0;0;0;0;1;0;1;0,2;5,95;5000;5;148,75;1911,966933;1,070701483;17,79519816